"contrast","estimate","se","df","t_ratio","p_value"
"UI - UEQ",0.450310724948887,0.220355373084725,154.175116210235,2.04356589378806,0.105363701859039
"UI - (UEQ-A)",0.247744595127772,0.218403141818168,154.023334134634,1.13434538104783,0.494463618443815
"UEQ - (UEQ-A)",-0.202566129821115,0.210232405815301,154.013205612003,-0.963534280243545,0.600995932140028
