"contrast","estimate","se","df","t_ratio","p_value"
"UI - UEQ",0.450310730678638,0.220355373134301,154.17506140919,2.04356591933061,0.105363697383965
"UI - (UEEQ-P)",0.247744670877186,0.218403141867341,154.023279182921,1.13434572762541,0.494463407688694
"UEQ - (UEEQ-P)",-0.202566059801452,0.21023240586268,154.013149976433,-0.963533946968026,0.600996143120457
