"contrast","estimate","se","df","t_ratio","p_value"
"UI - UEQ",0.841946251544186,0.268129743089322,141.366763099277,3.14007033253192,0.00579932780142123
"UI - (UEEQ-P)",1.53399431691387,0.270811832843611,141.359813160332,5.66442869503314,2.38156687815128e-07
"UEQ - (UEEQ-P)",0.692048065369682,0.26362702706577,141.459474063198,2.62510287003702,0.0258731438308978
