"contrast","estimate","se","df","t_ratio","p_value"
"UI - UEQ",0.841946251544253,0.268129743086544,141.366763044878,3.1400703325647,0.00579932780080128
"UI - (UEQ-A)",1.53399431691516,0.270811832840805,141.359813105936,5.66442869509661,2.38156659171374e-07
"UEQ - (UEQ-A)",0.692048065370909,0.263627027063041,141.459474008779,2.62510287006885,0.0258731438287163
