"contrast","estimate","se","df","t_ratio","p_value"
"UI - UEQ",0.841946251543922,0.268129743067551,141.366762933131,3.1400703327859,0.00579932779682724
"UI - (UEEQ-P)",1.53399431691864,0.270811832821621,141.359812994192,5.6644286955107,2.38156687148994e-07
"UEQ - (UEEQ-P)",0.692048065374715,0.263627027044371,141.459473897008,2.6251028702692,0.0258731438147786
