"condition_new","n_evaluations","n_participants","n_interfaces","mean_tendency","sd_tendency","median_tendency","q25","q75"
"UI",450,45,15,4.66222222222222,2.32956106142896,6,3,7
"UEQ",490,49,15,3.8,2.38708179776112,4,1.25,6
"UEEQ-P",470,47,15,3.14255319148936,2.20169005455167,3,1,5
